fixture,family,tier,intended_axis,input_param,unit_count,n_txs,l1_batch,gas_used,pubdata,ok
900335,storage_read,cold_5k,storage_read,cold_distinct_slots=5000,5000,1,1266,12879070,254,ok
900341,storage_write,w_500,storage_write,distinct_slots=500,500,1,1267,3377811,18754,ok
900348,pubdata,msg20_32B,pubdata_bytes,"msgs=20,len=32",32,1,1268,537881,2732,ok
900356,baseline,ctrl,none,single_touch_tx,1,1,1269,128908,286,ok
900336,storage_read,cold_12k,storage_read,cold_distinct_slots=12000,12000,1,1270,30729128,259,ok
900337,storage_read,cold_20k,storage_read,cold_distinct_slots=20000,20000,1,1271,51129064,254,ok
900338,storage_read,cold_28k,storage_read,cold_distinct_slots=28000,28000,1,1272,71529070,254,ok
900339,storage_read_warm,warm_20k,storage_read,warm_same_slot=20000,20000,1,1273,11731028,254,ok
900340,storage_read_warm,warm_60k,storage_read,warm_same_slot=60000,60000,1,1274,34931028,254,ok
900342,storage_write,w_1500,storage_write,distinct_slots=1500,1500,1,1275,9886411,55754,ok
900343,storage_write,w_3500,storage_write,distinct_slots=3500,3500,1,1276,22903611,129754,ok
900344,storage_write,w_6000,storage_write,distinct_slots=6000,6000,1,1277,39175111,222254,ok
900345,storage_write_same,same_20k,storage_write,same_slot=20000,20000,1,1278,11429411,289,ok
900346,storage_read_seeded,seeded_6k,storage_read,cold_nonzero_slots=6000,6000,1,1279,15429198,264,ok
900347,storage_read,empty_6k,storage_read,cold_empty_slots=6000,6000,1,1280,15429128,259,ok
900349,pubdata,msg20_1024B,pubdata_bytes,"msgs=20,len=1024",1024,1,1281,2479223,22572,ok
900350,pubdata,msg20_6144B,pubdata_bytes,"msgs=20,len=6144",6144,1,1282,12497583,124974,ok
900351,pubdata,msg20_12288B,pubdata_bytes,"msgs=20,len=12288",12288,1,1283,24518649,247854,ok
900352,transaction_count,tx1,transaction_count,"txs=1,iters_each=120000",120000,1,1284,3729227,291,ok
900353,transaction_count,tx3,transaction_count,"txs=3,iters_each=40000",120000,3,1285,3897161,297,ok
900354,transaction_count,tx6,transaction_count,"txs=6,iters_each=20000",120000,6,1286,4149056,297,ok
900355,transaction_count,tx12,transaction_count,"txs=12,iters_each=10000",120000,12,1287,4652852,291,ok
